Model_Name,MAE,RMSE
Linear Regression,14884.761034212454,16377.69352086299
KNN (Neighbors),38333.33333333334,39228.674319799415
Decision Tree,35000.0,35355.33905932738
Random Forest,19750.0,27370.878685201176
SVR,21639.81260868581,24576.678623016684
